{"accuracy": [0.034991975873708725, 0.03210273012518883, 0.03146067261695862, 0.04783306643366814, 0.05714285746216774, 0.07447832822799683, 0.09534510225057602, 0.13322632014751434, 0.13451042771339417, 0.18202246725559235, 0.23210272192955017, 0.26163724064826965, 0.29598715901374817, 0.3309791386127472, 0.3762439787387848, 0.3926163613796234, 0.41894060373306274, 0.4465489685535431, 0.48121991753578186, 0.5024077296257019, 0.513322651386261, 0.5287319421768188, 0.5585874915122986, 0.5791332125663757, 0.6057785153388977, 0.6073836088180542, 0.6253611445426941, 0.6327447891235352, 0.6536115407943726, 0.6754413843154907, 0.6715890765190125, 0.6895666122436523], "loss": [10.548233985900879, 3.5772719383239746, 3.579026222229004, 3.5531249046325684, 3.4809329509735107, 3.3527910709381104, 3.2144408226013184, 3.10209584236145, 3.057044506072998, 2.888340711593628, 2.749300003051758, 2.6340320110321045, 2.5029332637786865, 2.361157178878784, 2.206073760986328, 2.1571848392486572, 2.0623369216918945, 1.9502993822097778, 1.8476364612579346, 1.802991271018982, 1.73412024974823, 1.6725634336471558, 1.6049107313156128, 1.496867299079895, 1.411680817604065, 1.428436279296875, 1.322974443435669, 1.293523907661438, 1.2445569038391113, 1.1773626804351807, 1.1430189609527588, 1.138990044593811], "val_accuracy": [0.028490029275417328, 0.03418803587555885, 0.03133903071284294, 0.03988603875041008, 0.09116809070110321, 0.1538461595773697, 0.2222222238779068, 0.2421652376651764, 0.2905983030796051, 0.34472933411598206, 0.39316239953041077, 0.39031338691711426, 0.45868945121765137, 0.4928774833679199, 0.504273533821106, 0.5470085740089417, 0.5470085740089417, 0.5726495981216431, 0.6182336211204529, 0.6125355958938599, 0.6723646521568298, 0.6752136945724487, 0.6410256624221802, 0.6609686613082886, 0.6723646521568298, 0.7264957427978516, 0.7150996923446655, 0.7378917336463928, 0.7606837749481201, 0.7749287486076355, 0.7720797657966614, 0.8347578644752502], "val_loss": [3.583120107650757, 3.582573413848877, 3.570155382156372, 3.5585033893585205, 3.3213672637939453, 3.1290087699890137, 2.966287136077881, 2.7807421684265137, 2.7028419971466064, 2.522653579711914, 2.3178462982177734, 2.2450754642486572, 1.9633524417877197, 1.8814518451690674, 1.9106827974319458, 1.7116341590881348, 1.5921016931533813, 1.5558817386627197, 1.4478404521942139, 1.4883400201797485, 1.350827932357788, 1.1978375911712646, 1.3817548751831055, 1.315232276916504, 1.2112085819244385, 1.0294392108917236, 1.1302565336227417, 1.0628002882003784, 0.9678136110305786, 0.9054140448570251, 1.0978097915649414, 0.8131054639816284]}